{"schemaVersion":"1.0","appDefinitionTemplate":{"id":"/providers/Microsoft.PowerApps/apps/","type":"Microsoft.PowerApps/apps","tags":{"primaryDeviceWidth":"1366","primaryDeviceHeight":"768","sienaVersion":"20211102T124245Z-3.21102.25.0","deviceCapabilities":"","supportsPortrait":"true","supportsLandscape":"true","primaryFormFactor":"Tablet","publisherVersion":"3.21102.25","minimumRequiredApiVersion":"2.2.0","hasComponent":"false","hasUnlockedComponent":"false","isUnifiedRootApp":"false","optimizedForTeamsMeeting":"false"},"properties":{"appVersion":"2021-11-02T12:42:45Z","lifeCycleId":"Published","createdByClientVersion":{"major":3,"minor":21102,"build":25,"revision":0,"majorRevision":0,"minorRevision":0},"minClientVersion":{"major":3,"minor":21102,"build":25,"revision":0,"majorRevision":0,"minorRevision":0},"backgroundColor":"rgba(247, 225, 241, 1)","backgroundImageUri":"/944530593632100585/N274d9f08-3beb-44a1-ac9c-714649da0740-logoSmallFile","displayName":"Test Studio Lesson","description":"","commitMessage":"Saved by Test Studio","appUris":{"documentUri":{"value":"/944530593632100585/N379d57f8-5b3c-4c6b-a8d6-0ca853a7a70e-document.msapp"},"imageUris":[]},"createdTime":"0001-01-01T00:00:00Z","lastModifiedTime":"0001-01-01T00:00:00Z","sharedGroupsCount":0,"sharedUsersCount":0,"icons":{"smallIconUri":"/944530593632100585/N2abe6b2d-b6cd-4b02-8435-9039b640fe01-small.png","mediumIconUri":"/944530593632100585/N2ffeeb78-e813-456f-a643-4daefeb5cc1b-medium.png","largeIconUri":"/944530593632100585/N33c1dae1-db4f-4f8b-9890-9e8f1eb20663-large.png","wideIconUri":"/944530593632100585/N1c3f4712-dcd3-45e9-99a6-369a48c211f4-wide.png"},"connectionReferences":{"97bd82c8-5df8-48d9-9611-5c5833e153ee":{"id":"49178cc4-cce8-4b3e-849d-40737bd36e1b","displayName":"SharePoint","iconUri":"https://connectoricons-prod.azureedge.net/releases/v1.0.1518/1.0.1518.2564/sharepointonline/icon.png","dataSources":["PowerApps - Test Studio Case Log","PowerApps - Test Studio Suite Log","PowerApps - Test Studio Suite Log","PowerApps - Test Studio Case Log"],"dependents":[],"parameterHints":{},"parameterHintsV2":{},"isOnPremiseConnection":false,"bypassConsent":false,"dataSets":{"https://decisionforward-my.sharepoint.com/personal/david_soden_decisionforward_com":{"dataSources":{"PowerApps - Test Studio Case Log":{"tableName":"00168321-9de2-4882-89d7-89ce8c9727d7"}}}},"apiTier":"Standard","isCustomApiConnection":false,"actions":["providers/PowerPlatform.Governance/Operations/Read","providers/PowerPlatform.Governance/Operations/Write"],"endpoints":[]}},"databaseReferences":{"default.cds":{"databaseDetails":{"referenceType":"Environmental","environmentName":"default.cds"},"dataSources":{"Contacts":{"entitySetName":"contacts","logicalName":"contact"}},"actions":["providers/PowerPlatform.Governance/Operations/Read","providers/PowerPlatform.Governance/Operations/Write","providers/PowerPlatform.Governance/Operations/Delete"]}},"almMode":"Environment","performanceOptimizationEnabled":true,"canConsumeAppPass":false,"executionRestrictions":{"isTeamsOnly":false,"dataLossPreventionEvaluationResult":{"status":"Compliant","lastEvaluationDate":"2021-11-01T23:50:34.4532732Z","violations":[],"violationsByPolicy":[],"violationErrorMessage":"The app uses the following connectors: shared_commondataservice."}}},"appType":"ClassicCanvasApp","appComponents":[]}}